config_id,conf_base,lookback,skip,observaciones,mae,rmse,bias,hit_rate_signo,corr_pred_real,signal_score
conf=2|lb=126|skip=21,2.0,126,21,21240,0.076497,0.139304,-0.008047,0.5226,0.004,0.075925
conf=2|lb=504|skip=63,2.0,504,63,21240,0.074966,0.138338,-0.0091,0.5395,-0.0619,0.076033
conf=1|lb=504|skip=63,1.0,504,63,21240,0.075102,0.138797,-0.00945,0.5372,-0.0626,0.07623600000000001
conf=2|lb=504|skip=21,2.0,504,21,21240,0.075093,0.138371,-0.008951,0.5382,-0.0656,0.07629699999999999
conf=0.05|lb=252|skip=21,0.05,252,21,21240,0.077325,0.141914,-0.009603,0.5161,-0.0458,0.078377
