perfil,tasa_abandono,meses_activos_prom,retorno_prom,retorno_std,retorno_si_completa,frec_rebalanceo_prom,comision_prom,n_clientes,se_abandono,se_aceptacion,aceptacion_realizada_mc,abandono_acumulado_mc,max_weight,prob_aceptacion_prom_modelo,prob_abandono_prom_modelo,meses_trayectoria_base,abandono_trayectoria_base
muy_conservador,0.0,84.0,-0.01,0.0,-0.01,0.4997,67633.39,5000,0.0,0.0007605468281871229,0.4996524800000001,0.0,0.025,0.5,0.0,84,False
conservador,1.0,7.9,0.3178,0.0736,,0.433,7824.17,5000,0.0,0.0035269171541211577,0.4330430400000001,1.0,0.025,0.2997955636898816,0.14517182284858615,5,True
neutro,1.0,15.0,-0.0213,0.0023,,0.3063,14401.01,5000,0.0,0.0007695880296956093,0.30634396,1.0,0.01,0.3075844660325553,0.0666662752291425,15,True
arriesgado,0.0,84.0,0.1999,0.0097,0.1999,0.469,146853.01,5000,0.0,0.00027615251291269755,0.46895052,0.0,0.025,0.4691178702548634,0.0,84,False
muy_arriesgado,0.0,84.0,0.226,0.0098,0.226,0.5792,166074.22,5000,0.0,0.0002749716070063451,0.5791880800000001,0.0,0.05,0.5795519598868404,0.0,84,False
